divisao;pasta;arquivo;motivo
train;207;001__5 Cents_usa.jpg;outro tipo de moeda (Liberty Head nickel, anterior a 1913)
train;207;004__5 Cents_usa.jpg;outro tipo de moeda (Shield nickel, século XIX)
train;207;016__5 Cents_usa.jpg;outro tipo de moeda (Buffalo nickel, 1913-1938)
train;207;026__5 Cents_usa.jpg;outro tipo de moeda (Buffalo nickel, 1913-1938)
train;206;001__1 Cent_usa.jpg;outro desenho (verso com escudo, 2010 em diante)
train;206;021__1 Cent_usa.jpg;outro tipo de moeda (Indian Head cent, verso)
train;206;026__1 Cent_usa.jpg;outro tipo de moeda (Indian Head cent, 1867)
test;207;009__5 Cents_usa.jpg;outro tipo de moeda (Buffalo nickel, frente e verso, foto de banco de imagens)
validation;207;012__5 Cents_usa.jpg;várias moedas na mesma foto (Liberty V nickel, dime e dois cents)
validation;206;020__1 Cent_usa.jpg;outro tipo de moeda (Braided Hair large cent, século XIX)
train;209;015__1 4 Dollar_usa.jpg;outro desenho (quarter de parque nacional de 2015)
train;209;022__1 4 Dollar_usa.jpg;outro tipo de moeda (Standing Liberty quarter de ouro, 2016)
train;209;010__1 4 Dollar_usa.jpg;frente e verso na mesma imagem (não é uma face de uma moeda por foto)
train;209;012__1 4 Dollar_usa.jpg;frente e verso na mesma imagem (não é uma face de uma moeda por foto)
